paddle,slope,y_intercept,T_avg,measured_mip,normalization_coeff
1,-0.012254292107778115,1.0925155452298594,-5.1321057627352475,1.1453204697721215,1.6763866975869315
2,-0.017672166321350838,1.1366814849419524,-8.518542627730202,1.2731291078446874,1.50809528127938
3,-0.015115148867325665,1.1391547543019724,-10.56411502369681,1.293661252591447,1.4841597799685802
4,-0.008905537294501461,0.9111098185951968,-12.819491165031732,1.0164101409171562,1.8890012237259761
5,-0.016743246215787034,1.1540024707666319,-14.357769682340399,1.3818280542844148,1.389463757120114
6,-0.012481546491892877,0.922611540814273,-16.434104275303984,1.1339280129866762,1.693229180345296
7,-0.012553578224764403,0.846699151872653,-17.69664510251485,1.0637848108296941,1.8048763062357551
8,-0.044146866475158156,0.2647614530202895,-33.12596636345635,1.7109514773526833,1.1221826132502442
9,-0.021320012782665477,0.991662825877642,-18.861080839262858,1.3813635206970496,1.3899310147057808
10,-0.018447069146071048,0.6559322033179592,-18.90984285030552,0.9982283094330188,1.9234076832488711
11,-0.01638048805155621,0.3456331606646019,-33.56026017989769,0.8833906592893725,2.1734438550035255
12,-0.019056428414450204,0.8270559612055026,-24.286003020752187,1.2832000735630702,1.4962592658436522
13,-0.019455382824162266,1.4030464163141025,4.734735511795887,1.3055135695961768,1.4706855943243062
14,-0.01616474746074165,1.27701174883623,3.6571174807222424,1.210776157054992,1.5857596706149837
15,-0.012112275889216869,1.3725674486952666,1.6276194966518127,1.3475534767401678,1.4248043088016238
16,-0.018464518798017183,1.2154802436549972,0.5240544391127816,1.1976571392880135,1.6031299250981017
17,-0.026367307494206287,1.3889462336377105,-1.207964884593108,1.4094015262341555,1.3622803468434832
18,0.020016334047035036,2.117817901063223,-1.649430255228676,2.0775040083306324,0.9241859425064628
20,-0.01874594257859684,1.4588537068461884,-3.6896537909883187,1.5252199377868432,1.2588348423939428
21,-0.012771821977096228,1.1155148830761121,-5.937859235293657,1.1555146270176713,1.6615973135324382
22,-0.018268039947247402,1.301501869464708,-5.558749920718308,1.389903206833999,1.3813911577148497
23,-0.017003690720426675,1.334135902161001,-6.946741881183655,1.4434418976720182,1.3301539903314252
25,-0.005961983271774206,1.2728882449634862,-5.726389674984663,1.2770373370583972,1.503479925201436
26,-0.01956263354190653,1.4802954808638937,-4.6764799718008945,1.565166173299826,1.2267068077200267
33,-0.009965038768346608,1.1519033708731359,-13.003024187214095,1.2224004316414079,1.5706800736497395
34,0.01196309851311614,1.7073677340410045,-11.424362527019555,1.5483448305732535,1.2400338491065626
35,-0.013408514530943737,1.366698859414514,-10.901657485712626,1.4285637706003511,1.3440072046578109
36,-0.017307008766689683,1.234965420696559,-10.977022603153433,1.3583085275573032,1.4135227461560647
37,-0.03598362294123872,1.023444384168993,-10.103823154069584,1.2301232836730875,1.5608191678698857
38,-0.00972886614299374,1.3892154296227817,-9.68804091881802,1.4179181706318995,1.3540978878522631
39,-0.012520270617662031,1.2679612190980556,-9.316951771076823,1.2747484503252615,1.506179512914958
40,-5.378399478153538e-05,1.2545411180458261,-9.237644297381618,1.1606986106600585,1.6541761852442873
41,-0.030128535846459883,0.6866268284754357,-19.726691812210714,1.265270747297655,1.5174617797026488
42,0.0026977474096173816,1.319472925485673,-18.181406468811,1.211612474337826,1.5846650976825936
43,-0.021302838738395585,1.019809241842356,-17.721777211450068,1.4017404675693586,1.3697257405497554
45,-0.004025336292140314,1.075987517481764,-17.342646122440186,1.1273823240846401,1.7030602298638244
46,-0.018687891315345293,1.112783009276625,-15.724265687535343,1.3541257687058423,1.417888976320842
47,-0.008976730940688711,1.279761355205277,-15.536162544547278,1.3975992863632476,1.3737843305545134
57,-0.03660270364589894,1.7292328985152399,-5.728173636242692,1.7997488448011847,1.066815520146701
58,-0.018909613446670474,1.4747517553960672,-19.48641760683399,1.8031199330183587,1.0648210165288274
59,-0.017799795835850056,1.5902701579197491,-19.222859846063898,1.895671628601146,1.0128336421940367
60,-0.07091457027272297,2.20457993104595,-6.551739987242288,2.5185056589823347,0.7623568337646
61,-0.012156862982189777,1.1712171377827805,4.646178691796187,1.1054244134905513,1.7368894485849993
62,-0.012492191934483324,0.9827960228083954,3.5355516840325185,0.9318243011453309,2.060474273572899
63,-0.008561504433634726,1.082210385716057,2.8499634744646594,1.0422752688999444,1.842123724211972
64,-0.007288628113427803,1.0496843825695963,2.222723644605445,1.0307414557527368,1.8627367603041147
65,-0.010862909844105591,1.1446429264388616,1.361749841298964,1.1187873380982238,1.7161438412984915
66,-0.009971727116391223,1.0919229074175891,1.4046014470595152,1.0603197866824536,1.8107744702259383
67,-0.016420109988002383,1.2735511712130563,0.7462111826123053,1.2488979599051624,1.537355381816621
68,-0.02991215772899945,0.848085418144241,-16.923724561792284,1.3455469562251403,1.4269290202896052
69,-0.012601038729451947,1.0832964459346834,0.6789492176775966,1.061303171958417,1.8090966377279682
70,-0.010327617752125599,1.0496032135230005,0.9241671711011158,1.0349639541266895,1.8551370724984433
71,-0.013825077419057861,1.155212671035789,-0.0826209400230511,1.1428156360763408,1.6800610171838275
72,-0.014771052480391513,1.227037335319142,-0.12155405174255,1.229421017586613,1.561710734186904
73,-0.01704832076163806,1.3631944799789062,5.230711616512872,1.2657635727012615,1.516870955531241
76,-0.015249112337205828,1.4499108089699184,11.152012323739957,1.2692496726406461,1.512704743114475
78,-0.015054009523201127,1.3683851054512717,14.241686545535408,1.1470454403192516,1.67386568353004
79,-0.011006855215048761,1.0967322247217974,2.2844986913886576,1.063730692393957,1.804968131246626
80,-0.012491789566654874,1.0634027328879505,2.2401785646713708,1.0221526202254259,1.8783887670087491
81,-0.010854275900909703,1.1536557946335626,1.4987113170650035,1.1053908225585378,1.7369422296776154
82,-0.009362103338077625,1.016872068276564,1.4574181465663292,0.975292731723432,1.9686397094410653
83,-0.01764141901015796,1.3908099502977838,1.2717169643682233,1.3436812773617262,1.4289102872444994
84,-0.013679927611312407,1.1450008375071954,0.5413434873416814,1.126430753572732,1.704498917408178
85,-0.010427766029174446,0.9309626136131396,2.842278198111489,0.9005702222615222,2.1319825512090262
86,-0.010485818580411074,1.0673641452256413,0.7364586118801623,1.0553690099282256,1.819268883146926
88,-0.005005276034587924,0.9040986336292802,-1.51763449434358,0.9867441281408177,1.9457931851265071
90,-0.0063023102833642515,0.8996117585630846,-4.423618892737666,0.9237139926086637,2.0785654600486474
91,-0.01665853774399611,1.3119983578697265,-0.5264403686612311,1.3019349202480548,1.4747280913505159
92,-0.012540189921986524,0.8733731643740968,-1.7547059555583246,0.8874151652754111,2.1635870955666214
94,-0.0029504984395194826,1.183135478396933,-3.047271655584843,1.1740606480391271,1.6353499312039061
96,-0.01291993684345621,1.0694971358322445,-4.88827656204449,1.1225947904303968,1.7103232763657155
106,-0.00968045560845378,1.0412310660388604,12.835310014595327,0.9130849572090227,2.1027616158180504
108,-0.008188253600598739,1.0367583616070577,18.05417486225355,0.8863490318937086,2.166189538107655
111,0.0001089500640599731,1.0843134439601512,2.2407290350242444,1.0695475480787962,1.7951516072837082
112,-0.0013533416966395766,1.133060983468369,2.7750708541449973,1.1174457432148932,1.7182042275056297
113,-0.012814138721314696,1.2681903510547674,2.432295615849346,1.2184338587402503,1.5757933729657718
114,-0.007386978032911429,1.131103605833447,2.9053083790313288,1.0912192769972258,1.759499708695928
115,-0.0044744351444593105,1.0908410208405996,3.4010729057775433,1.0669728333131392,1.7994834920379938
116,-0.018983166101318873,2.0958558530292297,4.1381620631589575,1.983831165050271,0.9678242956483378
117,-0.016623027212056142,1.3227243046129469,4.746057732502682,1.2324928887458872,1.5578183188981154
118,-0.009050777528079946,1.2902076599563757,-8.240624789196804,1.3437459260257207,1.4288415412566982
119,-0.008261475253026144,1.0829456358294847,-6.005067111918556,1.1276638800091385,1.7026350085669502
120,-0.00784713994219205,1.0341966195765693,-7.249109555077953,1.0602901333870318,1.810825112430951
121,-0.0022136143528147453,1.0996318552484226,-8.4108922310878,1.0928516976734244,1.7568714987472631
122,0.00021475437366755135,1.1236807678416891,-9.805514931430979,1.1108877061862648,1.728347509210863
123,-0.020483858803724456,1.1228323715163586,-9.947609148259035,1.309766313002151,1.4659103543433756
124,-0.009308158181090551,1.0894743564361966,-10.206115605788147,1.1716030423312882,1.6387803126385971
125,-0.006607139704227002,1.0323320922372965,-24.853724626755707,1.1805919908401359,1.6263027488723556
126,-0.010264149715429716,1.172518131245781,-9.589382784300042,1.2503020902920206,1.5356288811382894
127,-0.00041591572690364626,1.1505375667866988,-8.368475436557489,1.1350859321543112,1.6915018903951866
128,-0.002651127272891063,1.0973622124587767,-7.009689742654082,1.0984300089694097,1.7479493316114147
129,-0.004231671783786015,1.1741095869930132,-7.281709275671101,1.1742148193753565,1.6351352140329625
130,-0.015484522201166235,1.1479243484401012,-7.432458581143706,1.2397112435728828,1.5487477506991918
131,-0.00019996698355184177,1.1572757812684469,-8.829105331144149,1.1400678135830646,1.684110346002773
132,0.001795570622028997,1.2251692049778078,-8.491988291918284,1.200630402164558,1.5991599051119525
133,-0.004735037888382354,1.1545480237526113,-9.850252900914597,1.1819233506764775,1.6244708245260422
134,-0.0057692389443772625,1.0153061392968075,-10.25360147737671,1.073914507506613,1.7878518136958652
135,-0.0028955729221131145,1.1159652557702169,-9.802241773672039,1.128031551615293,1.7020800501995197
136,-0.004721629622525912,1.0897219337832558,-9.996867996821717,1.1263592134766331,1.7046071777348064
137,-0.0037576731168178184,1.0585737357028477,-9.263984681466493,1.0822420175385714,1.7740948594537178
138,0.00034545180025427976,1.19364957432483,-8.71370851704015,1.1699525773677406,1.641092158042662
139,-0.0016676775184803485,1.1782720759974874,-5.040113263374965,1.1679941012808215,1.6438439182993556
140,0.0045671582567419185,1.2277427762120623,-5.740677522967885,1.1637104611851523,1.6498949386814166
141,-0.0033680861284315763,1.0778055334134764,-7.559919117710953,1.10344993364969,1.7399973858800726
142,-0.003585921652266845,1.1156507671606548,-8.059696529844176,1.1383176412125424,1.6866996789708055
143,-0.005488243397966514,1.0800218453637067,-8.43010634429612,1.1179269429013825,1.7174646448872393
144,-0.008473704503117014,1.0865316014176316,-8.019803531407923,1.1412024270849983,1.6824359591525788
145,-0.00683647695529293,1.0572050179698604,-7.903889789973773,1.0992770005945345,1.7466025387246205
146,-0.003952890279650453,1.0653286461575895,-7.76284010736544,1.0938924788213575,1.7551999279387616
147,-0.0009387898574380828,1.1579708127559727,-7.4993072346767224,1.146198027016835,1.675103214927973
148,-0.01347183407855156,1.3142803656855022,-6.284950068324926,1.3746646625392713,1.3967042670998677
149,-0.009376244425050808,1.237313931426801,3.912388323904726,1.1886392945355249,1.6152923841797298
150,-0.0074379754007288384,1.094797678358464,2.540439773757967,1.069804745396414,1.794720025558073
151,-0.014880058278442831,1.2050360761223498,-0.3241852327802448,1.201142436743177,1.598478199809475
152,-0.011423291221174896,1.093125536425172,-7.687064864585795,1.1660136628240683,1.6466359367949324
153,-0.0029263528978431762,1.058280864031129,-6.612247073638368,1.0600216458588805,1.8112837671765878
154,-0.009913892731609699,1.1200792854359205,-7.23543292199563,1.1797166047247478,1.6275095156840447
155,-0.010280906813130087,1.1637713720234621,-6.4588649392136634,1.2091640462294224,1.5878738753332946
156,-0.01129915940340685,1.0898598484944966,-6.619506853638684,1.1552469826261387,1.6619822677531726
157,-0.011631345733385312,1.0971063015818399,-7.327791129124989,1.1747065371495864,1.6344507664517307
158,-0.014370945634414397,1.488667213954073,-0.6591822348109678,1.4933342937804066,1.2857134587992889
159,-0.021244510833050827,1.762068236679497,1.45380562796129,1.7219224946602458,1.115032764804456
160,-0.01411898727021107,1.3618095600947588,3.9222537295439897,1.2943470202464633,1.4833734461986885
